Type,레벨,Name,다음 레벨로 업그레이드 시 필요 재화,업그레이드 내용
,,,,공장(개당 만드는 시간 감소)
Factory,0,StoneFactory,나무 100,
Factory,1,StoneFactory,나무 200,0.1s
Factory,2,StoneFactory,나무 500,0.1s
Factory,3,StoneFactory,,
,,,,
,,,,
Factory,0,ArrowFactory,철 150,
Factory,1,ArrowFactory,철 300,0.1s
Factory,2,ArrowFactory,철 700,0.1s
Factory,3,ArrowFactory,0,
,,,,
,,,,
Factory,0,AmmoFactory,망치 400,
Factory,1,AmmoFactory,망치 500,0.1s
Factory,2,AmmoFactory,망치 1000,0.1s
Factory,3,AmmoFactory,,
,,,,
,,,,
,,,,슬로우 증가
Factory,0,SlowEffect,골드 300,
Factory,1,SlowEffect,골드 500,0.1
Factory,2,SlowEffect,골드 700,0.1
Factory,3,SlowEffect,,
,,,,
,,,,
,,,,추가 대미지 증가
Factory,0,DamageEffect,골드 400,
Factory,1,DamageEffect,골드 700,10
Factory,2,DamageEffect,골드 1000,10
Factory,3,DamageEffect,,
,,,,
,,,,
,,,,버프 %증가
FactoryBuff,0,FactoryBuff,망치 300,
FactoryBuff,1,FactoryBuff,망치 500,0.1
FactoryBuff,2,FactoryBuff,망치 700,0.1
FactoryBuff,3,FactoryBuff,,
,,,,
,,,,
TowerBuff,0,TowerBuff,골드 400,
TowerBuff,1,TowerBuff,골드 700,0.1
TowerBuff,2,TowerBuff,골드 1000,0.1
TowerBuff,3,TowerBuff,,
,,,,
,,,,
,,,,대미지 증가
Tower,0,Slingshot,나무 100,
Tower,1,Slingshot,나무 150,20
Tower,2,Slingshot,나무 250,30
Tower,3,Slingshot,0,
,,,,
,,,,
Tower,0,Archer,철 200,
Tower,1,Archer,철 300,20
Tower,2,Archer,철 500,30
Tower,3,Archer,0,
,,,,
,,,,
Tower,0,Gun,망치 600,20
Tower,1,Gun,망치 900,20
Tower,2,Gun,망치 1500,30
Tower,3,Gun,0,
,,,,
Road,0,Road,골드 200,
,,,,
Mine,0,돌 채굴장,골드 100,
Mine,0,쇠 채굴장,골드 200,
